{"cameraMode":{"drawMode":0,"name":"Shaded","section":"Shading Mode"},"sceneLighting":true,"audioPlay":false,"sceneViewState":{"m_AlwaysRefresh":false,"showFog":true,"showSkybox":true,"showFlares":true,"showImageEffects":true,"showParticleSystems":true,"showVisualEffectGraphs":true,"m_FxEnabled":true},"in2DMode":false,"pivot":{"x":-1.7092170715332032,"y":-0.11407852172851563,"z":2.9067649841308595},"rotation":{"x":-0.17701981961727143,"y":0.7915480732917786,"z":-0.27007272839546206,"w":-0.5188227891921997},"size":9.288662910461426,"orthographic":false}