{"cameraMode":{"drawMode":0,"name":"Shaded","section":"Shading Mode"},"sceneLighting":true,"audioPlay":false,"sceneViewState":{"m_AlwaysRefresh":false,"showFog":true,"showSkybox":true,"showFlares":true,"showImageEffects":true,"showParticleSystems":true,"showVisualEffectGraphs":true,"m_FxEnabled":true},"in2DMode":false,"pivot":{"x":-18.965787887573243,"y":-0.48066139221191409,"z":26.70574188232422},"rotation":{"x":-0.18178986012935639,"y":0.6636599898338318,"z":-0.17109385132789613,"w":-0.7051491737365723},"size":22.166017532348634,"orthographic":false}